team,player,status
"Australia","Matt Faessler","no_image"
"Australia","Josh Nasser","no_image"
"Australia","Billy Pollard","no_image"
"Australia","Angus Bell","no_image"
"Australia","Aidan Ross","no_image"
"Australia","Josh Canham","no_image"
"Australia","Nick Frost","no_image"
"Australia","Jeremy Williams","no_image"
"Australia","Tom Hooper","no_image"
"Australia","Carlo Tizzano","no_image"
"Australia","Rob Valetini","no_image"
"Australia","Harry Wilson","no_image"
"Australia","Ryan Lonergan","no_image"
"Australia","Kalani Thomas","no_image"
"Australia","Tane Edmed","no_image"
"Australia","Carter Gordon","no_image"
"Australia","Josh Flook","no_image"
"Australia","Max Jorgensen","no_wiki_page"
"Australia","Dylan Pietsch","no_image"
"Australia","Harry Potter","no_image"
"Romania","Ștefan Buruiană","no_image"
"Romania","Ovidiu Cojocaru","no_image"
"Romania","Robert Irimescu","no_image"
"Romania","Thomas Crețu","no_image"
"Romania","Iulian Harțig","no_image"
"Romania","Cosmin Manole","no_image"
"Romania","Joji Sikote","no_image"
"Romania","Ionuț Donici","no_image"
"Romania","Nicolaas Immelman","no_image"
"Romania","Andrei Mahu","no_image"
"Romania","David Trăușan","no_image"
"Romania","Kemal Altinok","no_image"
"Romania","Adrian Mitu","no_image"
"Romania","Alin Conache","no_image"
"Romania","Toma Mîrzac","no_image"
"Romania","Dănuț Jipa","no_image"
"Romania","Alexandru Bucur","no_image"
"Romania","Gabriel Pop","no_image"
"Romania","Jason Tomane","no_image"
"Romania","Tevita Manumua","no_image"
"Romania","Nicholas Onutu","no_image"
"Romania","Iliesa Tiqe","no_image"
"Romania","Ovidiu Neagu","no_image"
"Romania","Paul Popoaia","no_image"
"France","Tevita Tatafu","no_image"
"France","Hugo Auradou","no_image"
"France","Joshua Brennan","no_image"
"France","Mickaël Guillard","no_image"
"France","Alexandre Fischer","no_wiki_page"
"France","Oscar Jégou","no_wiki_page"
"France","Anthony Jelonch","no_wiki_page"
"France","Temo Matiu","no_image"
"France","Ugo Seunes","no_image"
"France","Kalvin Gourgues","no_image"
"France","Noah Nene","no_image"
"Canada","Dewald Kotze","no_image"
"Canada","Jeffrey Young","no_image"
"Canada","Cole Keith","no_image"
"Canada","Sam Miller","no_image"
"Canada","Emerson Prior","no_image"
"Canada","Kyle Steeves","no_image"
"Canada","Matt Tierney","no_image"
"Canada","Callum Botchar","no_image"
"Canada","Izzak Kelly","no_image"
"Canada","Barnaby Waddell","no_image"
"Canada","Mason Flesch","no_image"
"Canada","Matthew Oworu","no_image"
"Canada","Sion Parry","no_image"
"Canada","Lucas Rumball","no_image"
"Canada","Piers von Dadelszen","no_image"
"Canada","Brock Gallagher","no_image"
"Canada","Jason Higgins","no_image"
"Canada","James Naylor","no_image"
"Canada","Peter Nelson","no_image"
"Canada","Robbie Povey","no_image"
"Canada","Noah Flesch","no_image"
"Canada","Josh McIndoe","no_image"
"Canada","Kyle Tremblay","no_image"
"Canada","Morgan Di Nardo","no_image"
"Canada","Josiah Morra","no_image"
"Canada","Cooper Coats","no_image"
"Ireland","Tom Stewart","no_image"
"Ireland","Billy Bohan","no_image"
"Ireland","Tom Clarkson","no_image"
"Ireland","Jeremy Loughman","no_image"
"Ireland","Edwin Edogbo","no_image"
"Ireland","Cormac Izuchukwu","no_image"
"Ireland","Bryn Ward","no_image"
"Ireland","Ciarán Frawley","no_image"
"Ireland","Tom Farrell","no_image"
"Ireland","Jude Postlethwaite","no_image"
"Ireland","Robert Baloucoune","no_image"
"Ireland","Tommy O'Brien","no_image"
"Ireland","Jamie Osborne","no_image"
"New Zealand","George Bell","no_image"
"New Zealand","Fletcher Newell","no_image"
"New Zealand","Sam Darry","no_image"
"New Zealand","Fabian Holland","no_image"
"New Zealand","Josh Lord","no_image"
"New Zealand","Christian Lio-Willie","no_image"
"South Africa","Jan-Hendrik Wessels","no_image"
"South Africa","Asenathi Ntlabakanye","error: error decoding response body: expected value at line 1 column 1"
"South Africa","Zachary Porthen","no_image"
"South Africa","Ben-Jason Dixon","no_image"
"South Africa","Jean Kleyn","no_image"
"South Africa","Franco Mostert","no_image"
"South Africa","Marco van Staden","no_image"
"South Africa","Jasper Wiese","no_image"
"South Africa","Morné van den Berg","no_image"
"South Africa","Ethan Hooker","no_image"
"South Africa","Canan Moodie","no_image"
"Scotland","Ewan Ashman","no_image"
"Scotland","Nathan McBeth","no_image"
"Scotland","Elliot Millar-Mills","no_image"
"Scotland","D'Arcy Rae","no_image"
"Scotland","Rory Sutherland","no_image"
"Scotland","Gregor Brown","no_image"
"Scotland","Alex Craig","no_image"
"Scotland","Rory Darge","no_image"
"Scotland","Freddy Douglas","no_image"
"Scotland","Liam McConnell","no_image"
"Scotland","Gus Warr","no_image"
"Scotland","Ben White","no_image"
"Scotland","Fergus Burke","no_image"
"Scotland","Tom Jordan","no_image"
"Scotland","Darcy Graham","no_image"
"Scotland","Kyle Rowe","no_image"
"Scotland","Ollie Smith","no_image"
"Tonga","Sam Moli","no_image"
"Tonga","Siegfried Fisiʻihoi","no_image"
"Tonga","Fatongia Paea","no_image"
"Tonga","Siate Tokolahi","no_image"
"Tonga","Tupou Afungia","no_image"
"Tonga","Viliami Napa'a","no_image"
"Tonga","Harison Mataele","no_image"
"Tonga","Veikoso Poloniati","no_image"
"Tonga","Lotu Inisi","no_image"
"Tonga","Fotu Lokotui","no_image"
"Tonga","Siosiua Moala","no_image"
"Tonga","Semisi Paea","no_image"
"Tonga","Aisea Halo","no_image"
"Tonga","Siaosi Nginingini","no_image"
"Tonga","Patrick Pellegrini","no_image"
"Tonga","Tima Faingaʻanuku","no_image"
"Tonga","Taniela Filimone","no_image"
"Tonga","Fine Inisi","no_image"
"Tonga","John Tapueluelu","no_image"
"Tonga","Anzelo Tuitavuki","no_image"
"Georgia","Nikoloz Sutidze","no_image"
"Georgia","Giorgi Akhaladze","no_image"
"Georgia","Luka Goginava","no_image"
"Georgia","Giorgi Melikidze","no_image"
"Georgia","Luka Ivanishvili","no_image"
"Georgia","Ilia Spanderashvili","no_image"
"Georgia","Beka Saghinadze","no_wiki_page"
"Georgia","Giorgi Spanderashvili","no_image"
"Georgia","Tedo Abzhandadze","no_image"
"Georgia","Luka Matkava","no_image"
"Georgia","Georges Shvelidze","no_image"
"Georgia","Dachi Papunashvili","no_image"
"Chile","Augusto Böhme","no_image"
"Chile","Jorge Delgado","no_image"
"Chile","Benjamín Moreno","no_image"
"Chile","Norman Aguayo","no_image"
"Chile","Javier Carrasco","no_image"
"Chile","Baltazar Gurruchaga","no_image"
"Chile","Iñaki Gurruchaga","no_image"
"Chile","Salvador Lues","no_image"
"Chile","Emiliano Shae","no_image"
"Chile","Santiago Pedrero","no_image"
"Chile","Bruno Sáez","no_image"
"Chile","Augusto Villanueva","no_image"
"Chile","Alfonso Escobar","no_image"
"Chile","Raimundo Martínez","no_image"
"Chile","Joaquin Milesi","no_image"
"Chile","Clemente Saavedra","no_image"
"Chile","Ernesto Tchimino","no_image"
"Chile","Santiago Valenzuela","no_image"
"Chile","Lucas Berti","no_image"
"Chile","Juan Sebastián Bianchi","no_image"
"Chile","Juan Cruz Reyes","no_image"
"Chile","Tomás Salas","no_image"
"Chile","Rodrigo Araya","no_image"
"Chile","Matías Garafulic","no_image"
"Chile","Domingo Saavedra","no_image"
"Chile","Santiago Videla","no_image"
"Chile","Clemente Armstrong","no_image"
"Chile","Cristóbal Game Jiménez","no_image"
"Chile","Federico Kennedy","no_image"
"Chile","Nicolás Saab","no_image"
"Chile","Felipe Méndez","no_image"
"Argentina","Francisco Coria Marchetti","no_image"
"Argentina","Pedro Delgado","no_image"
"Argentina","Tomas Rapetti","no_image"
"Argentina","Mayco Vivas","no_image"
"Argentina","Boris Wenger","no_image"
"Argentina","Efraín Elías","no_image"
"Argentina","Simon Benitez Cruz","no_image"
"Argentina","Agustín Moyano","no_image"
"Argentina","Nicolás Roger","no_image"
"Argentina","Santiago Chocobares","no_image"
"Argentina","Justo Piccardo","no_image"
"Argentina","Mateo Carreras","no_image"
"Argentina","Benjamín Elizalde","no_image"
"Japan","Shodai Hirao","no_image"
"Japan","Shoma Sagawa","no_image"
"Japan","Kenji Sato","no_image"
"Japan","Sho Furuhata","no_image"
"Japan","Sanshiro Kihara","no_image"
"Japan","Kenta Kobayashi","no_image"
"Japan","Shuhei Takeuchi","no_image"
"Japan","Keijiro Tamefusa","no_image"
"Japan","Shohei Ito","no_image"
"Japan","Tyler Paul","no_image"
"Japan","Tiennan Costley","no_image"
"Japan","Faulua Makisi","no_image"
"Japan","Kanji Shimokawa","no_image"
"Japan","David Van Zeeland","no_image"
"Japan","Shu Yamamoto","no_image"
"Japan","Asahi Doei","no_image"
"Japan","Shinobu Fujiwara","no_image"
"Japan","Kenta Fukuda","no_image"
"Japan","Shinya Komura","no_image"
"Japan","Lee Seung-sin","no_image"
"Japan","Yuki Ikeda","no_image"
"Japan","Kippei Ishida","no_image"
"Japan","Tomoki Osada","no_image"
"Japan","Kazuma Ueda","no_image"
"Japan","Yoshitaka Yazaki","no_image"
"Samoa","Sama Malolo","no_image"
"Samoa","Mills Sanerivi","no_image"
"Samoa","Luteru Tolai","no_image"
"Samoa","Tietie Tuimauga","no_image"
"Samoa","Michael Curry","no_image"
"Samoa","Theo McFarland","no_image"
"Samoa","Ben Nee-Nee","no_image"
"Samoa","Miracle Faiʻilagi","no_image"
"Samoa","Iakopo Mapu","no_image"
"Samoa","Alamanda Motuga","no_image"
"Samoa","Joel Lam","no_image"
"Samoa","Lalomilo Lalomilo","no_image"
"Samoa","Tumua Manu","no_image"
"Samoa","Melani Nanai","no_image"
"Samoa","Faletoi Peni","no_image"
"Samoa","Va'a Apelu Maliko","no_image"
"Samoa","Latrell Smiler-Ah Kiong","no_image"
"Samoa","Tuna Tuitama","no_image"
"Uruguay","Germán Kessler","no_image"
"Uruguay","Joaquín Myszka","no_image"
"Uruguay","Sebastián Pérez","no_image"
"Uruguay","Santiago Cagnone","no_image"
"Uruguay","Ignacio Péculo","no_image"
"Uruguay","Mateo Perillo","no_image"
"Uruguay","Reinaldo Piussi","no_image"
"Uruguay","Francisco Suárez","no_image"
"Uruguay","Felipe Aliaga","no_image"
"Uruguay","Ignacio Dotti","no_image"
"Uruguay","Manuel Ardao","no_image"
"Uruguay","Lucas Bianchi","no_image"
"Uruguay","Santiago Civetta","no_image"
"Uruguay","Carlos Deus","no_image"
"Uruguay","Manuel Diana","no_image"
"Uruguay","Manuel Rosmarino","no_image"
"Uruguay","Ícaro Amarillo","no_image"
"Uruguay","Jean Cotarmanac'h","no_image"
"Uruguay","Felipe Etcheverry","no_image"
"Uruguay","Juan Manuel Alonso","no_image"
"Uruguay","Joaquín Suárez","no_image"
"Uruguay","Andrés Vilaseca","no_image"
"Uruguay","Bautista Basso","no_image"
"Uruguay","Justo Ferrario","no_image"
"Uruguay","Francisco Gonzalez Capdevila","no_image"
"Uruguay","Juan Gonzalez","no_image"
"Wales","Liam Belcher","no_image"
"Wales","Evan Lloyd","no_image"
"Wales","Rhys Barratt","no_image"
"Wales","Rhys Carré","no_image"
"Wales","Sam Wainwright","no_image"
"Wales","Ben Warren","no_image"
"Wales","James Botham","no_image"
"Wales","Alex Mann","no_image"
"Wales","Ellis Bevan","no_image"
"Wales","Sam Costelow","no_image"
"Wales","Bryn Bradley","no_image"
"Wales","Louie Hennessey","no_image"
"Wales","Joe Roberts","no_image"
"Wales","Ellis Mee","no_image"
"England","Luke Cowan-Dickie","no_image"
"England","Bevan Rodd","no_image"
"England","Emmanuel Iyogun","no_image"
"England","Alex Coles","no_image"
"England","Arthur Clark","no_image"
"England","Tom Curry","no_image"
"England","Ben Earl","no_image"
"England","Guy Pepper","no_image"
"England","Ollie Lawrence","no_image"
"England","Fraser Dingwall","no_image"
"England","Seb Atkinson","no_image"
"England","Henry Arundell","no_image"
"England","Cadan Murley","no_image"
"England","George Furbank","no_image"
"Belgium","Alexandre Raynier","no_image"
"Belgium","Vincent Tauzia","no_image"
"Belgium","Charlesty Berguet","no_image"
"Belgium","Jean-Baptiste de Clercq","no_image"
"Belgium","Maxime Jadot","no_image"
"Belgium","Basile van Parys","no_image"
"Belgium","Seppe Verelst","no_image"
"Belgium","Bruno Vliegen","no_image"
"Belgium","Gillian Benoy","no_image"
"Belgium","Maurice Fromont","no_image"
"Belgium","Maximilien Hendrickx","no_image"
"Belgium","Jérémie Brasseur","no_image"
"Belgium","Toon Deceuninck","no_image"
"Belgium","Jean-Maurice Decubber","no_image"
"Belgium","Felipe Geraghty","no_image"
"Belgium","William Van Bost","no_image"
"Belgium","Isaac Montoisy","no_image"
"Belgium","Timothé Rifon","no_image"
"Belgium","Hugo De Francq","no_image"
"Belgium","Matias Remue","no_image"
"Belgium","Florian Remue","no_image"
"Belgium","Jens Torfs","no_image"
"Belgium","Maxime Vacquier","no_image"
"Belgium","Dazzy Cornez","no_image"
"Belgium","Lucas Michiels","no_image"
"Belgium","Ervin Muric","no_image"
"Belgium","Thomas Wallraf","no_image"
"Belgium","Siméon Soenen","no_image"
"Hong Kong China","Harry Baron","no_image"
"Hong Kong China","Calum Scott","no_image"
"Hong Kong China","Rory Cinnamond","no_image"
"Hong Kong China","Zacceus Cinnamond","no_image"
"Hong Kong China","Sunia Fameitau","no_image"
"Hong Kong China","Callum McFeat Smith","no_image"
"Hong Kong China","Faizal Solomona-Penesa","no_image"
"Hong Kong China","Dana Fourie","no_image"
"Hong Kong China","Max Murphy","no_image"
"Hong Kong China","Kyle Sullivan","no_image"
"Hong Kong China","Jack Bartlett","no_image"
"Hong Kong China","Lachlan Doheny","no_image"
"Hong Kong China","Pierce MacKinlay-West","no_image"
"Hong Kong China","Tyler McNutt","no_image"
"Hong Kong China","James Sawyer","no_image"
"Hong Kong China","Brendon Nell","no_image"
"Hong Kong China","Chui Wai Lap Eric","no_image"
"Hong Kong China","Gregor McNeish","no_image"
"Hong Kong China","Jack Abbott","no_image"
"Hong Kong China","Benjamin Axten-Burrett","no_image"
"Hong Kong China","Thomas Hill","no_image"
"Hong Kong China","Guy Spanton","no_image"
"Hong Kong China","Murray Brechin","no_image"
"Hong Kong China","Charlie Higson-Smith","no_image"
"Hong Kong China","Dylan McCann","no_image"
"Hong Kong China","Elliott Quinton","no_image"
"Hong Kong China","Marcus Ramage","no_image"
"Hong Kong China","Penetana Smith","no_image"
"Hong Kong China","Matt Worley","no_image"
"Namibia","Armand Combrinck","no_image"
"Namibia","Otja Auala","no_image"
"Namibia","Gianluca Savoldelli","no_image"
"Namibia","Haitembu Shikufa","no_image"
"Namibia","Tiaan de Klerk","no_image"
"Namibia","Max Katjijeko","no_image"
"Namibia","Adriaan Ludick","no_image"
"Namibia","Johan Retief","no_image"
"Namibia","Adriaan Booysen","no_image"
"Namibia","Wian Conradie","no_image"
"Namibia","Prince ǃGaoseb","no_image"
"Namibia","Riaan Grové","no_image"
"Namibia","Johan Luttig","no_image"
"Namibia","AJ Kearns","no_image"
"Namibia","TC Kisting","no_image"
"Namibia","Jacques Theron","no_image"
"Namibia","Cliven Loubser","no_image"
"Namibia","André van den Berg","no_image"
"Namibia","Danco Burger","no_image"
"Namibia","Divan Rossouw","no_image"
"Namibia","J. C. Greyling","no_image"
"Namibia","Jürgen Meyer","no_image"
"Namibia","Jay-Cee Nel","no_image"
"Namibia","Danie van der Merwe","no_image"
"Namibia","Aston Mukwiilongo","no_image"
"Spain","Álvaro García","no_image"
"Spain","Santiago Ovejero","no_image"
"Spain","Joaquín Domínguez","no_image"
"Spain","Raúl Calzón","no_image"
"Spain","Thierry Futeu","no_image"
"Spain","Hugo Pirlet","no_image"
"Spain","Lucas Santamaría","no_image"
"Spain","Bernardo Vasquez","no_image"
"Spain","Matthew Foulds","no_image"
"Spain","Pablo Guirao","no_image"
"Spain","Ignacio Piñeiro","no_image"
"Spain","Antonio Suárez","no_image"
"Spain","Imanol Urraza","no_image"
"Spain","Manex Ariceta","no_image"
"Spain","Vicente Boronat","no_image"
"Spain","Ekain Imaz","no_image"
"Spain","Raphaël Nieto","no_image"
"Spain","Mario Pichardie","no_image"
"Spain","Alex Saleta","no_image"
"Spain","Matheo Triki","no_image"
"Spain","Kerman Aurrekoetxea","no_image"
"Spain","Estanislao Bay","no_image"
"Spain","Nicolás Infer","no_image"
"Spain","Gonzalo López-Bontempo","no_image"
"Spain","Lucien Richardis","no_image"
"Spain","Gonzalo Vinuesa","no_image"
"Spain","Yago Fernández","no_image"
"Spain","Iñaki Mateu","no_image"
"Spain","Pau Aira","no_image"
"Spain","Martiniano Cian","no_image"
"Spain","Egoitz García","no_image"
"Spain","Alejandro Laforga","no_image"
"Spain","J. W. Bell","no_image"
"Spain","Alberto Carmona","no_image"
"Spain","Beltrán Ortega","no_image"
"Zimbabwe","Liam Larkan","no_image"
"Zimbabwe","Matthew Mandioma","no_image"
"Zimbabwe","Bryan Chiang","no_image"
"Zimbabwe","Bornwell Gwinji","no_image"
"Zimbabwe","Cleopas Kundiona","no_image"
"Zimbabwe","Victor Mupunga","no_image"
"Zimbabwe","Brian Makamure","no_image"
"Zimbabwe","Tyran Fagan","no_image"
"Zimbabwe","Zvikomborero Chimoto","no_image"
"Zimbabwe","Kudakwashe Nyakufaringwa","no_image"
"Zimbabwe","Simba Siraha","no_image"
"Zimbabwe","Tadiwanashe Gwashu","no_image"
"Zimbabwe","Brian Nyaude","no_wiki_page"
"Zimbabwe","Godfrey Muzanargwo","no_image"
"Zimbabwe","Aiden Burnett","no_image"
"Zimbabwe","Jason Fraser","no_image"
"Zimbabwe","Dylan Utete","no_image"
"Zimbabwe","Tinotenda Mavesere","no_image"
"Zimbabwe","Keegan Joubert","no_image"
"Zimbabwe","Hilton Mudariki","no_image"
"Zimbabwe","Ian Prior","no_image"
"Zimbabwe","Lenience Tambwera","no_image"
"Zimbabwe","Bruce Houston","no_image"
"Zimbabwe","Brandon Mudzekenyedzi","no_image"
"Zimbabwe","Kudzai Mashawi","no_image"
"Zimbabwe","Dion Khumalo","no_image"
"Zimbabwe","Matthew McNab","no_image"
"Zimbabwe","Edward Sigauke","no_image"
"Zimbabwe","Trevor Gurwe","no_image"
"Zimbabwe","Takudzwa Musingwini","no_image"
"Zimbabwe","Tapiwa Mafura","no_image"
"Italy","Samuele Locatelli","no_image"
"Fiji","Kavaia Tagivetaua","no_image"
"Fiji","Zuriel Togiatama","no_image"
"Fiji","Haereiti Hetet","no_image"
"Fiji","Tim Hoyt","no_image"
"Fiji","Eroni Mawi","no_image"
"Fiji","Atunaisa Sokobale","no_image"
"Fiji","Samu Tawake","no_image"
"Fiji","Temo Mayanavanua","no_image"
"Fiji","Setariki Turagacoke","no_wiki_page"
"Fiji","Mesake Vocevoce","no_image"
"Fiji","Elia Canakaivata","no_image"
"Fiji","Motikai Murray","no_image"
"Fiji","Kitione Salawa Jr.","no_image"
"Fiji","Pita Gus Sowakula","no_image"
"Fiji","Lekima Tagitagivalu","no_image"
"Fiji","Simione Kuruvoli","no_image"
"Fiji","Sam Wye","no_image"
"Fiji","Isaiah Armstrong-Ravula","no_image"
"Fiji","Caleb Muntz","no_image"
"Fiji","Vilimoni Botitu","no_image"
"Fiji","Sireli Maqala","no_image"
"Fiji","Ponepati Loganimasi","no_image"
"Fiji","Joji Nasova","no_image"
"Fiji","Kalaveti Ravouvou","no_image"
"Fiji","Salesi Rayasi","no_image"
"Portugal","Luka Begic","no_image"
"Portugal","Maixent da Costa","no_image"
"Portugal","Luis Lopes","no_image"
"Portugal","Nuno Mascarenhas","no_wiki_page"
"Portugal","Pedro Santiago Lopes","no_wiki_page"
"Portugal","Diego Pinheiro Ruiz","no_wiki_page"
"Portugal","Pedro Vicente","no_image"
"Portugal","Anthony Alves","no_image"
"Portugal","Abel da Cunha","no_image"
"Portugal","José Lavos","no_image"
"Portugal","António Prim","no_image"
"Portugal","Martim Souto","no_image"
"Portugal","Martim Belo","no_image"
"Portugal","Guilherme Costa","no_wiki_page"
"Portugal","Pedro Ferreira","no_wiki_page"
"Portugal","José Madeira","no_wiki_page"
"Portugal","Duarte Nunes","no_image"
"Portugal","Duarte Torgal","no_image"
"Portugal","Francisco Almeida","no_image"
"Portugal","Vasco Baptista","no_image"
"Portugal","André da Cunha","no_image"
"Portugal","Sabata Mokhachane","no_image"
"Portugal","David Wallis","no_image"
"Portugal","Tomas Amado","no_image"
"Portugal","Hugo Camacho","no_wiki_page"
"Portugal","António Campos","no_wiki_page"
"Portugal","Pedro Lucas","no_wiki_page"
"Portugal","Hugo Aubry","no_image"
"Portugal","Tomas Marques","no_image"
"Portugal","Martim Faro","no_image"
"Portugal","Guilherme Vasconcelos","no_image"
"Portugal","Vincent Pinto","no_image"
"Portugal","Alfredo Almeida","no_wiki_page"
"Portugal","Simão Bento","no_wiki_page"
"Portugal","Nuno Sousa Guedes","no_wiki_page"
"Portugal","Manuel Cardoso Pinto","no_wiki_page"
"Portugal","Manuel Vareiro","no_image"
"USA","Kaleb Geiger","no_image"
"USA","Sean McNulty","no_image"
"USA","Jack Iscaro","no_image"
"USA","Tonga Kofe","no_image"
"USA","Ezekiel Lindenmuth","no_image"
"USA","Maliu Niuafe","no_image"
"USA","Payton Talea","no_wiki_page"
"USA","Jason Damm","no_wiki_page"
"USA","Brandon Harvey","no_wiki_page"
"USA","Vili Helu","no_image"
"USA","Tevita Naqali","no_image"
"USA","Rick Rose","no_image"
"USA","Makeen Alikhan","no_image"
"USA","Cory Daniel","no_image"
"USA","Nafi Ma'afu","no_image"
"USA","Christian Poidevin","no_image"
"USA","Marno Redelinghuys","no_image"
"USA","Michael Baska","no_wiki_page"
"USA","Ruben de Haas","no_wiki_page"
"USA","Ethan McVeigh","no_image"
"USA","Luke Carty","no_image"
"USA","Christopher Hilsenbeck","no_image"
"USA","Dominic Besag","no_image"
"USA","Tavite Lopeti","no_image"
"USA","Erich Storti","no_image"
"USA","Malacchi Esdale","no_image"
"USA","Toby Fricker","error: error decoding response body: expected value at line 1 column 1"
"USA","Lauina Futi","no_wiki_page"
"USA","Rufus McLean","no_wiki_page"
"USA","Mark O'Keeffe","no_image"
"USA","Mitch Wilson","no_image"
"Argentina","Leonel Oviedo","no_image"
"Argentina","Luciano Asevedo","no_image"
"Argentina","Joaquín Moro","no_image"
"Argentina","Juan Penoucos","no_image"
"Argentina","Faustino Sánchez Valarolo","no_image"
"Argentina","Agustín Fraga","no_image"
"Argentina","Mateo Soler","no_image"
"Georgia","Luka Petriashvili","no_image"
"Georgia","Bachuki Tchumbadze","no_image"
"Georgia","Kote Mikautadze","no_image"
"Georgia","Otar Giorgadze","no_image"
"Georgia","Mikheil Alania","no_image"
"Georgia","Giorgi Khaindrava","no_image"
"Georgia","Roma Makhatadze","no_image"
"Samoa","Pita Anae Ah-Sue","no_image"
"Samoa","Richie Asiata","no_image"
"Samoa","Manaaki Boyle-Tiatia","no_image"
"Samoa","Aki Seiuli","no_image"
"Samoa","Jeffery Toomaga-Allen","no_image"
"Samoa","Sam Slade","no_image"
"Samoa","Peter Umaga-Jensen","no_image"
"Samoa","Taunu'u Niulevaea","no_image"
"Samoa","Warren Solomona","no_image"
"Japan","Hayate Era","no_image"
"Japan","Mamoru Harada","no_image"
"Japan","Takato Okabe","no_image"
"Japan","Sojiro Otsuka","no_image"
"Japan","Izi Sword","no_image"
"Japan","Michael Stolberg","no_image"
"Japan","Esei Ha'angana","no_image"
"Japan","Waisake Raratubua","no_image"
"Japan","Takuro Hojo","no_image"
"Japan","Itsuki Kamimura","no_image"
"Japan","Haruto Watanabe","no_image"
"Japan","Ryunosuke Ito","no_image"
"Japan","Samisoni Tua","no_image"
"Japan","Inoke Burua","no_image"
"Japan","Takuro Matsunaga","no_image"
"Japan","Shunsuke Uenobo","no_image"
"Ireland","Sam Illo","no_image"
"Ireland","Darragh Murray","no_image"
"Ireland","Sean Jansen","no_image"
"Ireland","Jimmy O'Brien","no_image"
"USA","Shilo Klein","no_image"
"USA","Kapeli Pifeleti","no_image"
"USA","Alex Maughan","no_image"
"USA","Ma'ake Muti","no_image"
"USA","Mason Pedersen","no_image"
"USA","Nathan Den Hoedt","no_image"
"USA","Benjamín Bonasso","no_image"
"USA","Lance Williams","no_image"
"USA","Cassh Maluia","no_image"
"USA","Julian Roberts","no_image"
"USA","Joe Mano","no_image"
"USA","Connor Mooneyham","no_image"
"USA","John Rizzo","no_image"
"South Africa","Carlü Sadie","no_image"
"South Africa","Ruben van Heerden","no_image"
"South Africa","Vincent Tshituka","no_image"
"South Africa","Cobus Wiese","no_image"
"South Africa","Embrose Papier","no_image"
"South Africa","Vusi Moyo","no_image"
"South Africa","Quan Horn","no_image"
"South Africa","Jaco Williams","no_image"
"New Zealand","Anton Segner","no_image"
"New Zealand","Kyle Preston","no_image"
"Fiji","Luke Tagi","no_image"
"Fiji","Tevita Ratuva","no_image"
"Scotland","Seb Stephen","no_image"
"Scotland","Will Hurd","no_image"
"Scotland","Alex Samuel","no_image"
"Italy","Giulio Marini","no_image"
"Italy","Malik Faissal","no_image"
"England","Asher Opoku-Fordjour","no_image"
"England","George Kloska","no_image"
"England","George Martin","no_image"
"England","Ted Hill","error: error decoding response body: expected value at line 1 column 1"
"England","Benhard Janse van Rensburg","no_wiki_page"
"England","Noah Caluori","no_wiki_page"
"France","Barnabé Massa","no_wiki_page"
"France","Florian Verhaeghe","no_wiki_page"
"France","Pierre Bochaton","no_wiki_page"
"France","Esteban Capilla","no_wiki_page"
"France","Marko Gazzotti","no_wiki_page"
"France","Killian Tixeront","no_wiki_page"
"France","Paul Graou","no_wiki_page"
"France","Nolann Le Garrec","no_wiki_page"
"France","Auguste Cadot","no_image"
"France","Mathis Ferté","no_wiki_page"
"France","Théo Forner","no_wiki_page"
"France","Damian Penaud","no_wiki_page"
"France","Max Spring","no_wiki_page"
"Australia","Brandon Paenga-Amosa","no_wiki_page"
"Australia","James Slipper","no_wiki_page"
"Australia","Miles Amatosero","no_wiki_page"
"Australia","Lachlan Shaw","no_image"
"Australia","Charlie Cale","no_image"
"Australia","Declan Meredith","no_image"
"Australia","Tom Wright","no_wiki_page"
"Zimbabwe","Michael Kumbirai","no_wiki_page"
"Zimbabwe","Farai Mudariki","no_wiki_page"
"Zimbabwe","Tjide Visser","no_wiki_page"
"Zimbabwe","Gary Porter","no_wiki_page"
"Zimbabwe","Tatenda Kamubvumbi","no_image"
